sample	data_type	target_file
A_floribunda	dna	~/EucsPhylogenomics/files/hybpiper/crisp101_noneucs.fna
A_floribunda_Ferguson2024	dna	~/EucsPhylogenomics/files/hybpiper/crisp101_noneucs.fna
A_leiocarpa_1	dna	~/EucsPhylogenomics/files/hybpiper/crisp101_noneucs.fna
A_leiocarpa_2	dna	~/EucsPhylogenomics/files/hybpiper/crisp101_noneucs.fna
C_aparrerinja	dna	~/EucsPhylogenomics/files/hybpiper/crisp101_noneucs.fna
C_arnhemensis	dna	~/EucsPhylogenomics/files/hybpiper/crisp101_noneucs.fna
C_calophylla_1	dna	~/EucsPhylogenomics/files/hybpiper/crisp101_noneucs.fna
C_calophylla_2	dna	~/EucsPhylogenomics/files/hybpiper/crisp101_noneucs.fna
C_calophylla_3	dna	~/EucsPhylogenomics/files/hybpiper/crisp101_noneucs.fna
C_calophylla_Ferguson2024	dna	~/EucsPhylogenomics/files/hybpiper/crisp101_noneucs.fna
C_candida	dna	~/EucsPhylogenomics/files/hybpiper/crisp101_noneucs.fna
C_chippendalei	dna	~/EucsPhylogenomics/files/hybpiper/crisp101_noneucs.fna
C_chlorolampra	dna	~/EucsPhylogenomics/files/hybpiper/crisp101_noneucs.fna
C_citriodora_1	dna	~/EucsPhylogenomics/files/hybpiper/crisp101_noneucs.fna
C_citriodora_2	dna	~/EucsPhylogenomics/files/hybpiper/crisp101_noneucs.fna
C_cliftoniana	dna	~/EucsPhylogenomics/files/hybpiper/crisp101_noneucs.fna
C_deserticola_deserticola_1	dna	~/EucsPhylogenomics/files/hybpiper/crisp101_noneucs.fna
C_deserticola_deserticola_2	dna	~/EucsPhylogenomics/files/hybpiper/crisp101_noneucs.fna
C_eremaea_oligiocarpa	dna	~/EucsPhylogenomics/files/hybpiper/crisp101_noneucs.fna
C_eremaea_oligocarpa	dna	~/EucsPhylogenomics/files/hybpiper/crisp101_noneucs.fna
C_ficifolia	dna	~/EucsPhylogenomics/files/hybpiper/crisp101_noneucs.fna
C_haematoxylon	dna	~/EucsPhylogenomics/files/hybpiper/crisp101_noneucs.fna
C_henryi_2	dna	~/EucsPhylogenomics/files/hybpiper/crisp101_noneucs.fna
C_henryi_3	dna	~/EucsPhylogenomics/files/hybpiper/crisp101_noneucs.fna
C_henryi_4	dna	~/EucsPhylogenomics/files/hybpiper/crisp101_noneucs.fna
C_leichhardii_1	dna	~/EucsPhylogenomics/files/hybpiper/crisp101_noneucs.fna
C_leichhardii_2	dna	~/EucsPhylogenomics/files/hybpiper/crisp101_noneucs.fna
C_lenziana	dna	~/EucsPhylogenomics/files/hybpiper/crisp101_noneucs.fna
C_leptoloma	dna	~/EucsPhylogenomics/files/hybpiper/crisp101_noneucs.fna
C_maculata	dna	~/EucsPhylogenomics/files/hybpiper/crisp101_noneucs.fna
C_maculata_Ferguson2024	dna	~/EucsPhylogenomics/files/hybpiper/crisp101_noneucs.fna
C_papillosa	dna	~/EucsPhylogenomics/files/hybpiper/crisp101_noneucs.fna
C_petalophylla	dna	~/EucsPhylogenomics/files/hybpiper/crisp101_noneucs.fna
C_polycarpa_1	dna	~/EucsPhylogenomics/files/hybpiper/crisp101_noneucs.fna
C_polycarpa_2	dna	~/EucsPhylogenomics/files/hybpiper/crisp101_noneucs.fna
C_ptychocarpa_ptychocarpa	dna	~/EucsPhylogenomics/files/hybpiper/crisp101_noneucs.fna
C_rhodops	dna	~/EucsPhylogenomics/files/hybpiper/crisp101_noneucs.fna
C_scabrida	dna	~/EucsPhylogenomics/files/hybpiper/crisp101_noneucs.fna
C_setosa_pedicellaris_x_C_brachycarpa	dna	~/EucsPhylogenomics/files/hybpiper/crisp101_noneucs.fna
C_setosa_setosa	dna	~/EucsPhylogenomics/files/hybpiper/crisp101_noneucs.fna
C_sphaerica	dna	~/EucsPhylogenomics/files/hybpiper/crisp101_noneucs.fna
C_terminalis	dna	~/EucsPhylogenomics/files/hybpiper/crisp101_noneucs.fna
C_tessellaris_1	dna	~/EucsPhylogenomics/files/hybpiper/crisp101_noneucs.fna
C_tessellaris_2	dna	~/EucsPhylogenomics/files/hybpiper/crisp101_noneucs.fna
C_tessellaris_3	dna	~/EucsPhylogenomics/files/hybpiper/crisp101_noneucs.fna
C_trachyphloia_amphistomatica	dna	~/EucsPhylogenomics/files/hybpiper/crisp101_noneucs.fna
C_trachyphloia_trachyphloia_1	dna	~/EucsPhylogenomics/files/hybpiper/crisp101_noneucs.fna
C_trachyphloia_trachyphloia_2	dna	~/EucsPhylogenomics/files/hybpiper/crisp101_noneucs.fna
C_variegata	dna	~/EucsPhylogenomics/files/hybpiper/crisp101_noneucs.fna
E_ANBG9806169_Ferguson2024	dna	~/EucsPhylogenomics/files/hybpiper/crisp101_eucs.fna
E_absita	dna	~/EucsPhylogenomics/files/hybpiper/crisp101_eucs.fna
E_acies	dna	~/EucsPhylogenomics/files/hybpiper/crisp101_eucs.fna
E_adesmophloia	dna	~/EucsPhylogenomics/files/hybpiper/crisp101_eucs.fna
E_aenea	dna	~/EucsPhylogenomics/files/hybpiper/crisp101_eucs.fna
E_aequioperta	dna	~/EucsPhylogenomics/files/hybpiper/crisp101_eucs.fna
E_aequioperta_x_E_sheathiana	dna	~/EucsPhylogenomics/files/hybpiper/crisp101_eucs.fna
E_agglomerata	dna	~/EucsPhylogenomics/files/hybpiper/crisp101_eucs.fna
E_aggregata	dna	~/EucsPhylogenomics/files/hybpiper/crisp101_eucs.fna
E_alaticaulis	dna	~/EucsPhylogenomics/files/hybpiper/crisp101_eucs.fna
E_alatissima_1	dna	~/EucsPhylogenomics/files/hybpiper/crisp101_eucs.fna
E_alatissima_2	dna	~/EucsPhylogenomics/files/hybpiper/crisp101_eucs.fna
E_albens_1	dna	~/EucsPhylogenomics/files/hybpiper/crisp101_eucs.fna
E_albens_2	dna	~/EucsPhylogenomics/files/hybpiper/crisp101_eucs.fna
E_albens_Ferguson2024	dna	~/EucsPhylogenomics/files/hybpiper/crisp101_eucs.fna
E_albopurpurea_1	dna	~/EucsPhylogenomics/files/hybpiper/crisp101_eucs.fna
E_albopurpurea_2	dna	~/EucsPhylogenomics/files/hybpiper/crisp101_eucs.fna
E_albopurpurea_3	dna	~/EucsPhylogenomics/files/hybpiper/crisp101_eucs.fna
E_albopurpurea_4	dna	~/EucsPhylogenomics/files/hybpiper/crisp101_eucs.fna
E_alipes	dna	~/EucsPhylogenomics/files/hybpiper/crisp101_eucs.fna
E_ammophila	dna	~/EucsPhylogenomics/files/hybpiper/crisp101_eucs.fna
E_amygdalina_1	dna	~/EucsPhylogenomics/files/hybpiper/crisp101_eucs.fna
E_amygdalina_2	dna	~/EucsPhylogenomics/files/hybpiper/crisp101_eucs.fna
E_angulosa_1	dna	~/EucsPhylogenomics/files/hybpiper/crisp101_eucs.fna
E_angulosa_2	dna	~/EucsPhylogenomics/files/hybpiper/crisp101_eucs.fna
E_angulosa_3	dna	~/EucsPhylogenomics/files/hybpiper/crisp101_eucs.fna
E_angustissima	dna	~/EucsPhylogenomics/files/hybpiper/crisp101_eucs.fna
E_annulata	dna	~/EucsPhylogenomics/files/hybpiper/crisp101_eucs.fna
E_apodophylla_1	dna	~/EucsPhylogenomics/files/hybpiper/crisp101_eucs.fna
E_apodophylla_2	dna	~/EucsPhylogenomics/files/hybpiper/crisp101_eucs.fna
E_apothalassica	dna	~/EucsPhylogenomics/files/hybpiper/crisp101_eucs.fna
E_arachnaea_arachnaea	dna	~/EucsPhylogenomics/files/hybpiper/crisp101_eucs.fna
E_arachnaea_arrecta_1	dna	~/EucsPhylogenomics/files/hybpiper/crisp101_eucs.fna
E_arachnaea_arrecta_2	dna	~/EucsPhylogenomics/files/hybpiper/crisp101_eucs.fna
E_arachnaea_x_E_pluricaulis_intergrade_1	dna	~/EucsPhylogenomics/files/hybpiper/crisp101_eucs.fna
E_arborella	dna	~/EucsPhylogenomics/files/hybpiper/crisp101_eucs.fna
E_arenacea	dna	~/EucsPhylogenomics/files/hybpiper/crisp101_eucs.fna
E_argutifolia	dna	~/EucsPhylogenomics/files/hybpiper/crisp101_eucs.fna
E_aridomontana_1	dna	~/EucsPhylogenomics/files/hybpiper/crisp101_eucs.fna
E_aridomontana_2	dna	~/EucsPhylogenomics/files/hybpiper/crisp101_eucs.fna
E_aridomontana_3	dna	~/EucsPhylogenomics/files/hybpiper/crisp101_eucs.fna
E_armillata	dna	~/EucsPhylogenomics/files/hybpiper/crisp101_eucs.fna
E_articulata	dna	~/EucsPhylogenomics/files/hybpiper/crisp101_eucs.fna
E_aspersa	dna	~/EucsPhylogenomics/files/hybpiper/crisp101_eucs.fna
E_aspratilis_1	dna	~/EucsPhylogenomics/files/hybpiper/crisp101_eucs.fna
E_aspratilis_2	dna	~/EucsPhylogenomics/files/hybpiper/crisp101_eucs.fna
E_aspratilis_3	dna	~/EucsPhylogenomics/files/hybpiper/crisp101_eucs.fna
E_assimilans_1	dna	~/EucsPhylogenomics/files/hybpiper/crisp101_eucs.fna
E_assimilans_2	dna	~/EucsPhylogenomics/files/hybpiper/crisp101_eucs.fna
E_astringens_redacta_1	dna	~/EucsPhylogenomics/files/hybpiper/crisp101_eucs.fna
E_astringens_redacta_2	dna	~/EucsPhylogenomics/files/hybpiper/crisp101_eucs.fna
E_astringens_redacta_3	dna	~/EucsPhylogenomics/files/hybpiper/crisp101_eucs.fna
E_atrata_1	dna	~/EucsPhylogenomics/files/hybpiper/crisp101_eucs.fna
E_atrata_2	dna	~/EucsPhylogenomics/files/hybpiper/crisp101_eucs.fna
E_baiophylla	dna	~/EucsPhylogenomics/files/hybpiper/crisp101_eucs.fna
E_bakeri	dna	~/EucsPhylogenomics/files/hybpiper/crisp101_eucs.fna
E_balladoniensis_balladoniensis	dna	~/EucsPhylogenomics/files/hybpiper/crisp101_eucs.fna
E_bancroftii	dna	~/EucsPhylogenomics/files/hybpiper/crisp101_eucs.fna
E_baudiniana_1	dna	~/EucsPhylogenomics/files/hybpiper/crisp101_eucs.fna
E_baudiniana_2	dna	~/EucsPhylogenomics/files/hybpiper/crisp101_eucs.fna
E_baudiniana_x_E_oraria_intergrade_1	dna	~/EucsPhylogenomics/files/hybpiper/crisp101_eucs.fna
E_baudiniana_x_E_oraria_intergrade_2	dna	~/EucsPhylogenomics/files/hybpiper/crisp101_eucs.fna
E_baueriana	dna	~/EucsPhylogenomics/files/hybpiper/crisp101_eucs.fna
E_baxteri_1	dna	~/EucsPhylogenomics/files/hybpiper/crisp101_eucs.fna
E_baxteri_2	dna	~/EucsPhylogenomics/files/hybpiper/crisp101_eucs.fna
E_beardiana_1	dna	~/EucsPhylogenomics/files/hybpiper/crisp101_eucs.fna
E_beardiana_2	dna	~/EucsPhylogenomics/files/hybpiper/crisp101_eucs.fna
E_behriana	dna	~/EucsPhylogenomics/files/hybpiper/crisp101_eucs.fna
E_behriana_x_E_largiflorens	dna	~/EucsPhylogenomics/files/hybpiper/crisp101_eucs.fna
E_behriana_x_E_xodorata	dna	~/EucsPhylogenomics/files/hybpiper/crisp101_eucs.fna
E_bicostata	dna	~/EucsPhylogenomics/files/hybpiper/crisp101_eucs.fna
E_blaxellii_1	dna	~/EucsPhylogenomics/files/hybpiper/crisp101_eucs.fna
E_blaxellii_2	dna	~/EucsPhylogenomics/files/hybpiper/crisp101_eucs.fna
E_botryoides	dna	~/EucsPhylogenomics/files/hybpiper/crisp101_eucs.fna
E_brachycalyx_1	dna	~/EucsPhylogenomics/files/hybpiper/crisp101_eucs.fna
E_brachycalyx_2	dna	~/EucsPhylogenomics/files/hybpiper/crisp101_eucs.fna
E_brandiana	dna	~/EucsPhylogenomics/files/hybpiper/crisp101_eucs.fna
E_brandiana_Ferguson2024	dna	~/EucsPhylogenomics/files/hybpiper/crisp101_eucs.fna
E_brassiana	dna	~/EucsPhylogenomics/files/hybpiper/crisp101_eucs.fna
E_brevipes_1	dna	~/EucsPhylogenomics/files/hybpiper/crisp101_eucs.fna
E_brevipes_2	dna	~/EucsPhylogenomics/files/hybpiper/crisp101_eucs.fna
E_brevistylis	dna	~/EucsPhylogenomics/files/hybpiper/crisp101_eucs.fna
E_bridgesiana	dna	~/EucsPhylogenomics/files/hybpiper/crisp101_eucs.fna
E_brockwayi	dna	~/EucsPhylogenomics/files/hybpiper/crisp101_eucs.fna
E_brownii	dna	~/EucsPhylogenomics/files/hybpiper/crisp101_eucs.fna
E_burracoppinensis	dna	~/EucsPhylogenomics/files/hybpiper/crisp101_eucs.fna
E_cadens	dna	~/EucsPhylogenomics/files/hybpiper/crisp101_eucs.fna
E_caesia_Boyagin_Rock_1	dna	~/EucsPhylogenomics/files/hybpiper/crisp101_eucs.fna
E_caesia_Boyagin_Rock_2	dna	~/EucsPhylogenomics/files/hybpiper/crisp101_eucs.fna
E_caesia_Southern_rocks	dna	~/EucsPhylogenomics/files/hybpiper/crisp101_eucs.fna
E_caesia_caesia_1	dna	~/EucsPhylogenomics/files/hybpiper/crisp101_eucs.fna
E_caesia_caesia_2	dna	~/EucsPhylogenomics/files/hybpiper/crisp101_eucs.fna
E_caesia_magna_1	dna	~/EucsPhylogenomics/files/hybpiper/crisp101_eucs.fna
E_caesia_magna_2	dna	~/EucsPhylogenomics/files/hybpiper/crisp101_eucs.fna
E_caesia_magna_3	dna	~/EucsPhylogenomics/files/hybpiper/crisp101_eucs.fna
E_caesia_magna_4	dna	~/EucsPhylogenomics/files/hybpiper/crisp101_eucs.fna
E_caesia_magna_5	dna	~/EucsPhylogenomics/files/hybpiper/crisp101_eucs.fna
E_cajuputea	dna	~/EucsPhylogenomics/files/hybpiper/crisp101_eucs.fna
E_calcareana_1	dna	~/EucsPhylogenomics/files/hybpiper/crisp101_eucs.fna
E_calcareana_2	dna	~/EucsPhylogenomics/files/hybpiper/crisp101_eucs.fna
E_calcareana_3	dna	~/EucsPhylogenomics/files/hybpiper/crisp101_eucs.fna
E_calcareana_4	dna	~/EucsPhylogenomics/files/hybpiper/crisp101_eucs.fna
E_calcicola_unita_1	dna	~/EucsPhylogenomics/files/hybpiper/crisp101_eucs.fna
E_calcicola_unita_2	dna	~/EucsPhylogenomics/files/hybpiper/crisp101_eucs.fna
E_caleyi_Ferguson2024	dna	~/EucsPhylogenomics/files/hybpiper/crisp101_eucs.fna
E_caleyi_caleyi_x_ovendenii_intergrade	dna	~/EucsPhylogenomics/files/hybpiper/crisp101_eucs.fna
E_caliginosa	dna	~/EucsPhylogenomics/files/hybpiper/crisp101_eucs.fna
E_calycogona_calycogona_1	dna	~/EucsPhylogenomics/files/hybpiper/crisp101_eucs.fna
E_calycogona_calycogona_2	dna	~/EucsPhylogenomics/files/hybpiper/crisp101_eucs.fna
E_calycogona_trachybasis	dna	~/EucsPhylogenomics/files/hybpiper/crisp101_eucs.fna
E_camaldulensis_Ferguson2024	dna	~/EucsPhylogenomics/files/hybpiper/crisp101_eucs.fna
E_camaldulensis_arida_2	dna	~/EucsPhylogenomics/files/hybpiper/crisp101_eucs.fna
E_camaldulensis_arida_3	dna	~/EucsPhylogenomics/files/hybpiper/crisp101_eucs.fna
E_camaldulensis_arida_4	dna	~/EucsPhylogenomics/files/hybpiper/crisp101_eucs.fna
E_camaldulensis_arida_5	dna	~/EucsPhylogenomics/files/hybpiper/crisp101_eucs.fna
E_camaldulensis_camaldulensis	dna	~/EucsPhylogenomics/files/hybpiper/crisp101_eucs.fna
E_camaldulensis_refulgens_1	dna	~/EucsPhylogenomics/files/hybpiper/crisp101_eucs.fna
E_camaldulensis_refulgens_2	dna	~/EucsPhylogenomics/files/hybpiper/crisp101_eucs.fna
E_camaldulensis_simulata	dna	~/EucsPhylogenomics/files/hybpiper/crisp101_eucs.fna
E_cameronii	dna	~/EucsPhylogenomics/files/hybpiper/crisp101_eucs.fna
E_campaspe	dna	~/EucsPhylogenomics/files/hybpiper/crisp101_eucs.fna
E_camphora_camphora	dna	~/EucsPhylogenomics/files/hybpiper/crisp101_eucs.fna
E_canaliculata	dna	~/EucsPhylogenomics/files/hybpiper/crisp101_eucs.fna
E_canescens_beadellii	dna	~/EucsPhylogenomics/files/hybpiper/crisp101_eucs.fna
E_canescens_canescens	dna	~/EucsPhylogenomics/files/hybpiper/crisp101_eucs.fna
E_capillosa_1	dna	~/EucsPhylogenomics/files/hybpiper/crisp101_eucs.fna
E_capillosa_2	dna	~/EucsPhylogenomics/files/hybpiper/crisp101_eucs.fna
E_capillosa_3	dna	~/EucsPhylogenomics/files/hybpiper/crisp101_eucs.fna
E_capillosa_4	dna	~/EucsPhylogenomics/files/hybpiper/crisp101_eucs.fna
E_capitanea	dna	~/EucsPhylogenomics/files/hybpiper/crisp101_eucs.fna
E_captiosa	dna	~/EucsPhylogenomics/files/hybpiper/crisp101_eucs.fna
E_carnei	dna	~/EucsPhylogenomics/files/hybpiper/crisp101_eucs.fna
E_celastroides_celastroides	dna	~/EucsPhylogenomics/files/hybpiper/crisp101_eucs.fna
E_celastroides_virella_1	dna	~/EucsPhylogenomics/files/hybpiper/crisp101_eucs.fna
E_celastroides_virella_2	dna	~/EucsPhylogenomics/files/hybpiper/crisp101_eucs.fna
E_cerasiformis	dna	~/EucsPhylogenomics/files/hybpiper/crisp101_eucs.fna
E_cernua	dna	~/EucsPhylogenomics/files/hybpiper/crisp101_eucs.fna
E_chloroclada_2	dna	~/EucsPhylogenomics/files/hybpiper/crisp101_eucs.fna
E_chloroclada_3	dna	~/EucsPhylogenomics/files/hybpiper/crisp101_eucs.fna
E_chlorophylla_1	dna	~/EucsPhylogenomics/files/hybpiper/crisp101_eucs.fna
E_chlorophylla_2	dna	~/EucsPhylogenomics/files/hybpiper/crisp101_eucs.fna
E_cladocalyx_Ferguson2024	dna	~/EucsPhylogenomics/files/hybpiper/crisp101_eucs.fna
E_cladocalyx_crassa	dna	~/EucsPhylogenomics/files/hybpiper/crisp101_eucs.fna
E_clelandii	dna	~/EucsPhylogenomics/files/hybpiper/crisp101_eucs.fna
E_cloeziana_Ferguson2024	dna	~/EucsPhylogenomics/files/hybpiper/crisp101_eucs.fna
E_cneorifolia	dna	~/EucsPhylogenomics/files/hybpiper/crisp101_eucs.fna
E_codonocarpa_1	dna	~/EucsPhylogenomics/files/hybpiper/crisp101_eucs.fna
E_codonocarpa_2	dna	~/EucsPhylogenomics/files/hybpiper/crisp101_eucs.fna
E_comitaexvallis	dna	~/EucsPhylogenomics/files/hybpiper/crisp101_eucs.fna
E_concinna	dna	~/EucsPhylogenomics/files/hybpiper/crisp101_eucs.fna
E_confluens	dna	~/EucsPhylogenomics/files/hybpiper/crisp101_eucs.fna
E_conglobata_conglobata_1	dna	~/EucsPhylogenomics/files/hybpiper/crisp101_eucs.fna
E_conglobata_conglobata_2	dna	~/EucsPhylogenomics/files/hybpiper/crisp101_eucs.fna
E_conglobata_conglobata_3	dna	~/EucsPhylogenomics/files/hybpiper/crisp101_eucs.fna
E_conglobata_conglobata_4	dna	~/EucsPhylogenomics/files/hybpiper/crisp101_eucs.fna
E_conglobata_conglobata_5	dna	~/EucsPhylogenomics/files/hybpiper/crisp101_eucs.fna
E_conica	dna	~/EucsPhylogenomics/files/hybpiper/crisp101_eucs.fna
E_conica_x_E_microcarpa	dna	~/EucsPhylogenomics/files/hybpiper/crisp101_eucs.fna
E_conveniens	dna	~/EucsPhylogenomics/files/hybpiper/crisp101_eucs.fna
E_coolabah	dna	~/EucsPhylogenomics/files/hybpiper/crisp101_eucs.fna
E_coolabah_Ferguson2024	dna	~/EucsPhylogenomics/files/hybpiper/crisp101_eucs.fna
E_cooperiana_1	dna	~/EucsPhylogenomics/files/hybpiper/crisp101_eucs.fna
E_cooperiana_2	dna	~/EucsPhylogenomics/files/hybpiper/crisp101_eucs.fna
E_cooperiana_3	dna	~/EucsPhylogenomics/files/hybpiper/crisp101_eucs.fna
E_cordata_quadrangulosa_1	dna	~/EucsPhylogenomics/files/hybpiper/crisp101_eucs.fna
E_cordata_quadrangulosa_2	dna	~/EucsPhylogenomics/files/hybpiper/crisp101_eucs.fna
E_cornuta	dna	~/EucsPhylogenomics/files/hybpiper/crisp101_eucs.fna
E_corrugata	dna	~/EucsPhylogenomics/files/hybpiper/crisp101_eucs.fna
E_corynodes	dna	~/EucsPhylogenomics/files/hybpiper/crisp101_eucs.fna
E_cosmophylla_1	dna	~/EucsPhylogenomics/files/hybpiper/crisp101_eucs.fna
E_cosmophylla_2	dna	~/EucsPhylogenomics/files/hybpiper/crisp101_eucs.fna
E_cretata	dna	~/EucsPhylogenomics/files/hybpiper/crisp101_eucs.fna
E_crucis_lanceolata_1	dna	~/EucsPhylogenomics/files/hybpiper/crisp101_eucs.fna
E_crucis_lanceolata_2	dna	~/EucsPhylogenomics/files/hybpiper/crisp101_eucs.fna
E_crucis_lanceolata_3	dna	~/EucsPhylogenomics/files/hybpiper/crisp101_eucs.fna
E_crucis_lanceolata_4	dna	~/EucsPhylogenomics/files/hybpiper/crisp101_eucs.fna
E_crucis_praecipua	dna	~/EucsPhylogenomics/files/hybpiper/crisp101_eucs.fna
E_cullenii	dna	~/EucsPhylogenomics/files/hybpiper/crisp101_eucs.fna
E_cupularis	dna	~/EucsPhylogenomics/files/hybpiper/crisp101_eucs.fna
E_curtisii_Ferguson2024	dna	~/EucsPhylogenomics/files/hybpiper/crisp101_eucs.fna
E_cyclostoma	dna	~/EucsPhylogenomics/files/hybpiper/crisp101_eucs.fna
E_cylindriflora	dna	~/EucsPhylogenomics/files/hybpiper/crisp101_eucs.fna
E_cylindrocarpa_1	dna	~/EucsPhylogenomics/files/hybpiper/crisp101_eucs.fna
E_cylindrocarpa_2	dna	~/EucsPhylogenomics/files/hybpiper/crisp101_eucs.fna
E_dalrympleana_Tasmania_1	dna	~/EucsPhylogenomics/files/hybpiper/crisp101_eucs.fna
E_dalrympleana_Tasmania_2	dna	~/EucsPhylogenomics/files/hybpiper/crisp101_eucs.fna
E_dalrympleana_heptantha_1	dna	~/EucsPhylogenomics/files/hybpiper/crisp101_eucs.fna
E_dalrympleana_heptantha_2	dna	~/EucsPhylogenomics/files/hybpiper/crisp101_eucs.fna
E_dawsonii	dna	~/EucsPhylogenomics/files/hybpiper/crisp101_eucs.fna
E_dawsonii_Ferguson2024	dna	~/EucsPhylogenomics/files/hybpiper/crisp101_eucs.fna
E_deanei	dna	~/EucsPhylogenomics/files/hybpiper/crisp101_eucs.fna
E_decipiens_1	dna	~/EucsPhylogenomics/files/hybpiper/crisp101_eucs.fna
E_decipiens_2	dna	~/EucsPhylogenomics/files/hybpiper/crisp101_eucs.fna
E_decipiens_3	dna	~/EucsPhylogenomics/files/hybpiper/crisp101_eucs.fna
E_decipiens_Ferguson2024	dna	~/EucsPhylogenomics/files/hybpiper/crisp101_eucs.fna
E_decorticans	dna	~/EucsPhylogenomics/files/hybpiper/crisp101_eucs.fna
E_deflexa	dna	~/EucsPhylogenomics/files/hybpiper/crisp101_eucs.fna
E_delicata	dna	~/EucsPhylogenomics/files/hybpiper/crisp101_eucs.fna
E_dendromorpha	dna	~/EucsPhylogenomics/files/hybpiper/crisp101_eucs.fna
E_densa_densa	dna	~/EucsPhylogenomics/files/hybpiper/crisp101_eucs.fna
E_desmondensis	dna	~/EucsPhylogenomics/files/hybpiper/crisp101_eucs.fna
E_desmondensis_x_E_occidentalis	dna	~/EucsPhylogenomics/files/hybpiper/crisp101_eucs.fna
E_deuaensis	dna	~/EucsPhylogenomics/files/hybpiper/crisp101_eucs.fna
E_dielsii_1	dna	~/EucsPhylogenomics/files/hybpiper/crisp101_eucs.fna
E_dielsii_2	dna	~/EucsPhylogenomics/files/hybpiper/crisp101_eucs.fna
E_diminuta_1	dna	~/EucsPhylogenomics/files/hybpiper/crisp101_eucs.fna
E_diminuta_2	dna	~/EucsPhylogenomics/files/hybpiper/crisp101_eucs.fna
E_diminuta_3	dna	~/EucsPhylogenomics/files/hybpiper/crisp101_eucs.fna
E_diminuta_4	dna	~/EucsPhylogenomics/files/hybpiper/crisp101_eucs.fna
E_diminuta_5	dna	~/EucsPhylogenomics/files/hybpiper/crisp101_eucs.fna
E_diptera	dna	~/EucsPhylogenomics/files/hybpiper/crisp101_eucs.fna
E_discreta	dna	~/EucsPhylogenomics/files/hybpiper/crisp101_eucs.fna
E_dissimulata_1	dna	~/EucsPhylogenomics/files/hybpiper/crisp101_eucs.fna
E_dissimulata_2	dna	~/EucsPhylogenomics/files/hybpiper/crisp101_eucs.fna
E_diversifolia_diversifolia	dna	~/EucsPhylogenomics/files/hybpiper/crisp101_eucs.fna
E_diversifolia_hesperia	dna	~/EucsPhylogenomics/files/hybpiper/crisp101_eucs.fna
E_dolichocera	dna	~/EucsPhylogenomics/files/hybpiper/crisp101_eucs.fna
E_dolichorhyncha	dna	~/EucsPhylogenomics/files/hybpiper/crisp101_eucs.fna
E_dorrigoensis	dna	~/EucsPhylogenomics/files/hybpiper/crisp101_eucs.fna
E_dorrigoensis_x_E_xsaligna	dna	~/EucsPhylogenomics/files/hybpiper/crisp101_eucs.fna
E_drepanophylla_1	dna	~/EucsPhylogenomics/files/hybpiper/crisp101_eucs.fna
E_drepanophylla_2	dna	~/EucsPhylogenomics/files/hybpiper/crisp101_eucs.fna
E_drepanophylla_3	dna	~/EucsPhylogenomics/files/hybpiper/crisp101_eucs.fna
E_drepanophylla_4	dna	~/EucsPhylogenomics/files/hybpiper/crisp101_eucs.fna
E_drummondii_1	dna	~/EucsPhylogenomics/files/hybpiper/crisp101_eucs.fna
E_drummondii_2	dna	~/EucsPhylogenomics/files/hybpiper/crisp101_eucs.fna
E_dumosa	dna	~/EucsPhylogenomics/files/hybpiper/crisp101_eucs.fna
E_dundasii	dna	~/EucsPhylogenomics/files/hybpiper/crisp101_eucs.fna
E_dwyeri	dna	~/EucsPhylogenomics/files/hybpiper/crisp101_eucs.fna
E_ebbanoensis_ebbanoensis	dna	~/EucsPhylogenomics/files/hybpiper/crisp101_eucs.fna
E_ebbanoensis_photina	dna	~/EucsPhylogenomics/files/hybpiper/crisp101_eucs.fna
E_ecostata_1	dna	~/EucsPhylogenomics/files/hybpiper/crisp101_eucs.fna
E_ecostata_2	dna	~/EucsPhylogenomics/files/hybpiper/crisp101_eucs.fna
E_educta_1	dna	~/EucsPhylogenomics/files/hybpiper/crisp101_eucs.fna
E_educta_2	dna	~/EucsPhylogenomics/files/hybpiper/crisp101_eucs.fna
E_educta_3	dna	~/EucsPhylogenomics/files/hybpiper/crisp101_eucs.fna
E_effusa_effusa	dna	~/EucsPhylogenomics/files/hybpiper/crisp101_eucs.fna
E_effusa_exsul_2	dna	~/EucsPhylogenomics/files/hybpiper/crisp101_eucs.fna
E_elata_1	dna	~/EucsPhylogenomics/files/hybpiper/crisp101_eucs.fna
E_elata_2	dna	~/EucsPhylogenomics/files/hybpiper/crisp101_eucs.fna
E_eremicola_eremicola	dna	~/EucsPhylogenomics/files/hybpiper/crisp101_eucs.fna
E_eremicola_peeneri_1	dna	~/EucsPhylogenomics/files/hybpiper/crisp101_eucs.fna
E_eremicola_peeneri_2	dna	~/EucsPhylogenomics/files/hybpiper/crisp101_eucs.fna
E_erythrocorys_1	dna	~/EucsPhylogenomics/files/hybpiper/crisp101_eucs.fna
E_erythrocorys_2	dna	~/EucsPhylogenomics/files/hybpiper/crisp101_eucs.fna
E_erythrocorys_3	dna	~/EucsPhylogenomics/files/hybpiper/crisp101_eucs.fna
E_erythrocorys_4	dna	~/EucsPhylogenomics/files/hybpiper/crisp101_eucs.fna
E_erythrocorys_Ferguson2024	dna	~/EucsPhylogenomics/files/hybpiper/crisp101_eucs.fna
E_erythronema_inornata	dna	~/EucsPhylogenomics/files/hybpiper/crisp101_eucs.fna
E_eudesmioides_1	dna	~/EucsPhylogenomics/files/hybpiper/crisp101_eucs.fna
E_eudesmioides_2	dna	~/EucsPhylogenomics/files/hybpiper/crisp101_eucs.fna
E_eugenioides	dna	~/EucsPhylogenomics/files/hybpiper/crisp101_eucs.fna
E_ewartiana	dna	~/EucsPhylogenomics/files/hybpiper/crisp101_eucs.fna
E_ewartiana_x_E_leptopoda_arctata	dna	~/EucsPhylogenomics/files/hybpiper/crisp101_eucs.fna
E_exigua	dna	~/EucsPhylogenomics/files/hybpiper/crisp101_eucs.fna
E_exilipes_1	dna	~/EucsPhylogenomics/files/hybpiper/crisp101_eucs.fna
E_exilipes_2	dna	~/EucsPhylogenomics/files/hybpiper/crisp101_eucs.fna
E_exilis_1	dna	~/EucsPhylogenomics/files/hybpiper/crisp101_eucs.fna
E_exilis_2	dna	~/EucsPhylogenomics/files/hybpiper/crisp101_eucs.fna
E_expressa	dna	~/EucsPhylogenomics/files/hybpiper/crisp101_eucs.fna
E_exserta	dna	~/EucsPhylogenomics/files/hybpiper/crisp101_eucs.fna
E_falcata	dna	~/EucsPhylogenomics/files/hybpiper/crisp101_eucs.fna
E_fasciculosa	dna	~/EucsPhylogenomics/files/hybpiper/crisp101_eucs.fna
E_fergusonii_dorsiventralis	dna	~/EucsPhylogenomics/files/hybpiper/crisp101_eucs.fna
E_fibrosa_Ferguson2024	dna	~/EucsPhylogenomics/files/hybpiper/crisp101_eucs.fna
E_flavida	dna	~/EucsPhylogenomics/files/hybpiper/crisp101_eucs.fna
E_flindersii_1	dna	~/EucsPhylogenomics/files/hybpiper/crisp101_eucs.fna
E_flindersii_2	dna	~/EucsPhylogenomics/files/hybpiper/crisp101_eucs.fna
E_flocktoniae_flocktoniae_1	dna	~/EucsPhylogenomics/files/hybpiper/crisp101_eucs.fna
E_flocktoniae_flocktoniae_2	dna	~/EucsPhylogenomics/files/hybpiper/crisp101_eucs.fna
E_flocktoniae_flocktoniae_3	dna	~/EucsPhylogenomics/files/hybpiper/crisp101_eucs.fna
E_flocktoniae_flocktoniae_x_E_occidentalis	dna	~/EucsPhylogenomics/files/hybpiper/crisp101_eucs.fna
E_flocktoniae_hebes	dna	~/EucsPhylogenomics/files/hybpiper/crisp101_eucs.fna
E_foliosa	dna	~/EucsPhylogenomics/files/hybpiper/crisp101_eucs.fna
E_formanii_Broadxleaf_1	dna	~/EucsPhylogenomics/files/hybpiper/crisp101_eucs.fna
E_formanii_Broadxleaf_2	dna	~/EucsPhylogenomics/files/hybpiper/crisp101_eucs.fna
E_formanii_Broadxleaf_3	dna	~/EucsPhylogenomics/files/hybpiper/crisp101_eucs.fna
E_formanii_formanii_1	dna	~/EucsPhylogenomics/files/hybpiper/crisp101_eucs.fna
E_formanii_formanii_2	dna	~/EucsPhylogenomics/files/hybpiper/crisp101_eucs.fna
E_formanii_formanii_3	dna	~/EucsPhylogenomics/files/hybpiper/crisp101_eucs.fna
E_forrestiana	dna	~/EucsPhylogenomics/files/hybpiper/crisp101_eucs.fna
E_fraseri_fraseri_1	dna	~/EucsPhylogenomics/files/hybpiper/crisp101_eucs.fna
E_fraseri_fraseri_2	dna	~/EucsPhylogenomics/files/hybpiper/crisp101_eucs.fna
E_fraseri_melanobasis	dna	~/EucsPhylogenomics/files/hybpiper/crisp101_eucs.fna
E_frenchiana	dna	~/EucsPhylogenomics/files/hybpiper/crisp101_eucs.fna
E_froggattii	dna	~/EucsPhylogenomics/files/hybpiper/crisp101_eucs.fna
E_fruticosa_1	dna	~/EucsPhylogenomics/files/hybpiper/crisp101_eucs.fna
E_fruticosa_2	dna	~/EucsPhylogenomics/files/hybpiper/crisp101_eucs.fna
E_gamophylla	dna	~/EucsPhylogenomics/files/hybpiper/crisp101_eucs.fna
E_gardneri_gardneri	dna	~/EucsPhylogenomics/files/hybpiper/crisp101_eucs.fna
E_gardneri_ravensthorpensis	dna	~/EucsPhylogenomics/files/hybpiper/crisp101_eucs.fna
E_georgei_fulgida	dna	~/EucsPhylogenomics/files/hybpiper/crisp101_eucs.fna
E_georgei_georgei	dna	~/EucsPhylogenomics/files/hybpiper/crisp101_eucs.fna
E_gillenii_1	dna	~/EucsPhylogenomics/files/hybpiper/crisp101_eucs.fna
E_gillenii_2	dna	~/EucsPhylogenomics/files/hybpiper/crisp101_eucs.fna
E_gillii_1	dna	~/EucsPhylogenomics/files/hybpiper/crisp101_eucs.fna
E_gillii_2	dna	~/EucsPhylogenomics/files/hybpiper/crisp101_eucs.fna
E_gittinsii_gittinsii	dna	~/EucsPhylogenomics/files/hybpiper/crisp101_eucs.fna
E_gittinsii_illucida	dna	~/EucsPhylogenomics/files/hybpiper/crisp101_eucs.fna
E_glaucina_1	dna	~/EucsPhylogenomics/files/hybpiper/crisp101_eucs.fna
E_glaucina_2	dna	~/EucsPhylogenomics/files/hybpiper/crisp101_eucs.fna
E_globulus_Ferguson2024	dna	~/EucsPhylogenomics/files/hybpiper/crisp101_eucs.fna
E_glomerosa_1	dna	~/EucsPhylogenomics/files/hybpiper/crisp101_eucs.fna
E_glomerosa_2	dna	~/EucsPhylogenomics/files/hybpiper/crisp101_eucs.fna
E_gomphocephala	dna	~/EucsPhylogenomics/files/hybpiper/crisp101_eucs.fna
E_gomphocephala_x_E_zopherophloia_1	dna	~/EucsPhylogenomics/files/hybpiper/crisp101_eucs.fna
E_gomphocephala_x_E_zopherophloia_2	dna	~/EucsPhylogenomics/files/hybpiper/crisp101_eucs.fna
E_goniantha_goniantha	dna	~/EucsPhylogenomics/files/hybpiper/crisp101_eucs.fna
E_goniocalyx_viridissima	dna	~/EucsPhylogenomics/files/hybpiper/crisp101_eucs.fna
E_goniocarpa	dna	~/EucsPhylogenomics/files/hybpiper/crisp101_eucs.fna
E_gracilis	dna	~/EucsPhylogenomics/files/hybpiper/crisp101_eucs.fna
E_grandis	dna	~/EucsPhylogenomics/files/hybpiper/crisp101_eucs.fna
E_grandis_Ferguson2024	dna	~/EucsPhylogenomics/files/hybpiper/crisp101_eucs.fna
E_granitica	dna	~/EucsPhylogenomics/files/hybpiper/crisp101_eucs.fna
E_grasbyi_1	dna	~/EucsPhylogenomics/files/hybpiper/crisp101_eucs.fna
E_grasbyi_2	dna	~/EucsPhylogenomics/files/hybpiper/crisp101_eucs.fna
E_grasbyi_3	dna	~/EucsPhylogenomics/files/hybpiper/crisp101_eucs.fna
E_grasbyi_4	dna	~/EucsPhylogenomics/files/hybpiper/crisp101_eucs.fna
E_griffithsii	dna	~/EucsPhylogenomics/files/hybpiper/crisp101_eucs.fna
E_grisea	dna	~/EucsPhylogenomics/files/hybpiper/crisp101_eucs.fna
E_grossa_1	dna	~/EucsPhylogenomics/files/hybpiper/crisp101_eucs.fna
E_grossa_2	dna	~/EucsPhylogenomics/files/hybpiper/crisp101_eucs.fna
E_guilfoylei_1	dna	~/EucsPhylogenomics/files/hybpiper/crisp101_eucs.fna
E_guilfoylei_2	dna	~/EucsPhylogenomics/files/hybpiper/crisp101_eucs.fna
E_guilfoylei_Ferguson2024	dna	~/EucsPhylogenomics/files/hybpiper/crisp101_eucs.fna
E_gypsophila_1	dna	~/EucsPhylogenomics/files/hybpiper/crisp101_eucs.fna
E_gypsophila_2	dna	~/EucsPhylogenomics/files/hybpiper/crisp101_eucs.fna
E_gypsophila_3	dna	~/EucsPhylogenomics/files/hybpiper/crisp101_eucs.fna
E_halophila	dna	~/EucsPhylogenomics/files/hybpiper/crisp101_eucs.fna
E_hebetifolia	dna	~/EucsPhylogenomics/files/hybpiper/crisp101_eucs.fna
E_histophylla_1	dna	~/EucsPhylogenomics/files/hybpiper/crisp101_eucs.fna
E_histophylla_2	dna	~/EucsPhylogenomics/files/hybpiper/crisp101_eucs.fna
E_horistes_Southern_smooth_1	dna	~/EucsPhylogenomics/files/hybpiper/crisp101_eucs.fna
E_horistes_Southern_smooth_2	dna	~/EucsPhylogenomics/files/hybpiper/crisp101_eucs.fna
E_horistes_horistes_1	dna	~/EucsPhylogenomics/files/hybpiper/crisp101_eucs.fna
E_horistes_horistes_2	dna	~/EucsPhylogenomics/files/hybpiper/crisp101_eucs.fna
E_horistes_horistes_3	dna	~/EucsPhylogenomics/files/hybpiper/crisp101_eucs.fna
E_hypolaena	dna	~/EucsPhylogenomics/files/hybpiper/crisp101_eucs.fna
E_incerata	dna	~/EucsPhylogenomics/files/hybpiper/crisp101_eucs.fna
E_incrassata_1	dna	~/EucsPhylogenomics/files/hybpiper/crisp101_eucs.fna
E_incrassata_2	dna	~/EucsPhylogenomics/files/hybpiper/crisp101_eucs.fna
E_incrassata_3	dna	~/EucsPhylogenomics/files/hybpiper/crisp101_eucs.fna
E_incrassata_4	dna	~/EucsPhylogenomics/files/hybpiper/crisp101_eucs.fna
E_indurata_1	dna	~/EucsPhylogenomics/files/hybpiper/crisp101_eucs.fna
E_indurata_2	dna	~/EucsPhylogenomics/files/hybpiper/crisp101_eucs.fna
E_infera	dna	~/EucsPhylogenomics/files/hybpiper/crisp101_eucs.fna
E_insulana	dna	~/EucsPhylogenomics/files/hybpiper/crisp101_eucs.fna
E_insularis_continentalis	dna	~/EucsPhylogenomics/files/hybpiper/crisp101_eucs.fna
E_intertexta_1	dna	~/EucsPhylogenomics/files/hybpiper/crisp101_eucs.fna
E_intertexta_2	dna	~/EucsPhylogenomics/files/hybpiper/crisp101_eucs.fna
E_jacksonii_1	dna	~/EucsPhylogenomics/files/hybpiper/crisp101_eucs.fna
E_jacksonii_2	dna	~/EucsPhylogenomics/files/hybpiper/crisp101_eucs.fna
E_jensenii	dna	~/EucsPhylogenomics/files/hybpiper/crisp101_eucs.fna
E_jucunda	dna	~/EucsPhylogenomics/files/hybpiper/crisp101_eucs.fna
E_jutsonii_jutsonii	dna	~/EucsPhylogenomics/files/hybpiper/crisp101_eucs.fna
E_kessellii_eugnosta_1	dna	~/EucsPhylogenomics/files/hybpiper/crisp101_eucs.fna
E_kessellii_eugnosta_2	dna	~/EucsPhylogenomics/files/hybpiper/crisp101_eucs.fna
E_kingsmillii_1	dna	~/EucsPhylogenomics/files/hybpiper/crisp101_eucs.fna
E_kingsmillii_2	dna	~/EucsPhylogenomics/files/hybpiper/crisp101_eucs.fna
E_kitsoniana_x_E_ovata_subp_grandiflora	dna	~/EucsPhylogenomics/files/hybpiper/crisp101_eucs.fna
E_kochii_amaryssia	dna	~/EucsPhylogenomics/files/hybpiper/crisp101_eucs.fna
E_kochii_borealis	dna	~/EucsPhylogenomics/files/hybpiper/crisp101_eucs.fna
E_kochii_kochii	dna	~/EucsPhylogenomics/files/hybpiper/crisp101_eucs.fna
E_kondininensis	dna	~/EucsPhylogenomics/files/hybpiper/crisp101_eucs.fna
E_kruseana_1	dna	~/EucsPhylogenomics/files/hybpiper/crisp101_eucs.fna
E_kruseana_2	dna	~/EucsPhylogenomics/files/hybpiper/crisp101_eucs.fna
E_kumarlensis_1	dna	~/EucsPhylogenomics/files/hybpiper/crisp101_eucs.fna
E_kumarlensis_2	dna	~/EucsPhylogenomics/files/hybpiper/crisp101_eucs.fna
E_laevis	dna	~/EucsPhylogenomics/files/hybpiper/crisp101_eucs.fna
E_lansdowneana	dna	~/EucsPhylogenomics/files/hybpiper/crisp101_eucs.fna
E_lansdowneana_Ferguson2024	dna	~/EucsPhylogenomics/files/hybpiper/crisp101_eucs.fna
E_largiflorens_1	dna	~/EucsPhylogenomics/files/hybpiper/crisp101_eucs.fna
E_largiflorens_2	dna	~/EucsPhylogenomics/files/hybpiper/crisp101_eucs.fna
E_largiflorens_3	dna	~/EucsPhylogenomics/files/hybpiper/crisp101_eucs.fna
E_latens_1	dna	~/EucsPhylogenomics/files/hybpiper/crisp101_eucs.fna
E_latens_2	dna	~/EucsPhylogenomics/files/hybpiper/crisp101_eucs.fna
E_latens_3	dna	~/EucsPhylogenomics/files/hybpiper/crisp101_eucs.fna
E_lehmannii_lehmannii	dna	~/EucsPhylogenomics/files/hybpiper/crisp101_eucs.fna
E_lehmannii_parallela	dna	~/EucsPhylogenomics/files/hybpiper/crisp101_eucs.fna
E_leptocalyx_leptocalyx	dna	~/EucsPhylogenomics/files/hybpiper/crisp101_eucs.fna
E_leptophleba	dna	~/EucsPhylogenomics/files/hybpiper/crisp101_eucs.fna
E_leptophylla_1	dna	~/EucsPhylogenomics/files/hybpiper/crisp101_eucs.fna
E_leptophylla_2	dna	~/EucsPhylogenomics/files/hybpiper/crisp101_eucs.fna
E_leptophylla_3	dna	~/EucsPhylogenomics/files/hybpiper/crisp101_eucs.fna
E_leptopoda_arctata_1	dna	~/EucsPhylogenomics/files/hybpiper/crisp101_eucs.fna
E_leptopoda_arctata_2	dna	~/EucsPhylogenomics/files/hybpiper/crisp101_eucs.fna
E_leptopoda_arctata_3	dna	~/EucsPhylogenomics/files/hybpiper/crisp101_eucs.fna
E_leptopoda_elevata	dna	~/EucsPhylogenomics/files/hybpiper/crisp101_eucs.fna
E_leptopoda_leptopoda	dna	~/EucsPhylogenomics/files/hybpiper/crisp101_eucs.fna
E_leptopoda_subluta	dna	~/EucsPhylogenomics/files/hybpiper/crisp101_eucs.fna
E_leptopoda_x_E_oldfieldii_intergrade	dna	~/EucsPhylogenomics/files/hybpiper/crisp101_eucs.fna
E_lesouefii	dna	~/EucsPhylogenomics/files/hybpiper/crisp101_eucs.fna
E_leucophloia_1	dna	~/EucsPhylogenomics/files/hybpiper/crisp101_eucs.fna
E_leucophloia_2	dna	~/EucsPhylogenomics/files/hybpiper/crisp101_eucs.fna
E_leucophloia_Ferguson2024	dna	~/EucsPhylogenomics/files/hybpiper/crisp101_eucs.fna
E_leucophloia_euroa	dna	~/EucsPhylogenomics/files/hybpiper/crisp101_eucs.fna
E_leucophloia_leucophloia	dna	~/EucsPhylogenomics/files/hybpiper/crisp101_eucs.fna
E_leucophylla_1	dna	~/EucsPhylogenomics/files/hybpiper/crisp101_eucs.fna
E_leucophylla_2	dna	~/EucsPhylogenomics/files/hybpiper/crisp101_eucs.fna
E_leucophylla_3	dna	~/EucsPhylogenomics/files/hybpiper/crisp101_eucs.fna
E_leucophylla_4	dna	~/EucsPhylogenomics/files/hybpiper/crisp101_eucs.fna
E_leucophylla_5	dna	~/EucsPhylogenomics/files/hybpiper/crisp101_eucs.fna
E_leucoxylon_megalocarpa_1	dna	~/EucsPhylogenomics/files/hybpiper/crisp101_eucs.fna
E_leucoxylon_megalocarpa_2	dna	~/EucsPhylogenomics/files/hybpiper/crisp101_eucs.fna
E_leucoxylon_megalocarpa_3	dna	~/EucsPhylogenomics/files/hybpiper/crisp101_eucs.fna
E_leucoxylon_pruinosa	dna	~/EucsPhylogenomics/files/hybpiper/crisp101_eucs.fna
E_litorea	dna	~/EucsPhylogenomics/files/hybpiper/crisp101_eucs.fna
E_lockyeri_1	dna	~/EucsPhylogenomics/files/hybpiper/crisp101_eucs.fna
E_lockyeri_2	dna	~/EucsPhylogenomics/files/hybpiper/crisp101_eucs.fna
E_lockyeri_3	dna	~/EucsPhylogenomics/files/hybpiper/crisp101_eucs.fna
E_longirostrata	dna	~/EucsPhylogenomics/files/hybpiper/crisp101_eucs.fna
E_longissima	dna	~/EucsPhylogenomics/files/hybpiper/crisp101_eucs.fna
E_loxophleba_gratiae	dna	~/EucsPhylogenomics/files/hybpiper/crisp101_eucs.fna
E_loxophleba_lissophloia	dna	~/EucsPhylogenomics/files/hybpiper/crisp101_eucs.fna
E_loxophleba_loxophleba	dna	~/EucsPhylogenomics/files/hybpiper/crisp101_eucs.fna
E_loxophleba_supralaevis_1	dna	~/EucsPhylogenomics/files/hybpiper/crisp101_eucs.fna
E_loxophleba_supralaevis_2	dna	~/EucsPhylogenomics/files/hybpiper/crisp101_eucs.fna
E_lucasii_1	dna	~/EucsPhylogenomics/files/hybpiper/crisp101_eucs.fna
E_lucasii_2	dna	~/EucsPhylogenomics/files/hybpiper/crisp101_eucs.fna
E_mackintii	dna	~/EucsPhylogenomics/files/hybpiper/crisp101_eucs.fna
E_macrandra_1	dna	~/EucsPhylogenomics/files/hybpiper/crisp101_eucs.fna
E_macrandra_2	dna	~/EucsPhylogenomics/files/hybpiper/crisp101_eucs.fna
E_macrocarpa_elachantha	dna	~/EucsPhylogenomics/files/hybpiper/crisp101_eucs.fna
E_macrocarpa_macrocarpa	dna	~/EucsPhylogenomics/files/hybpiper/crisp101_eucs.fna
E_macrorhyncha_macrorhyncha	dna	~/EucsPhylogenomics/files/hybpiper/crisp101_eucs.fna
E_macta	dna	~/EucsPhylogenomics/files/hybpiper/crisp101_eucs.fna
E_malacoxylon	dna	~/EucsPhylogenomics/files/hybpiper/crisp101_eucs.fna
E_mannensis_mannensis	dna	~/EucsPhylogenomics/files/hybpiper/crisp101_eucs.fna
E_marginata	dna	~/EucsPhylogenomics/files/hybpiper/crisp101_eucs.fna
E_marginata_Dull_leaf_1	dna	~/EucsPhylogenomics/files/hybpiper/crisp101_eucs.fna
E_marginata_Dull_leaf_2	dna	~/EucsPhylogenomics/files/hybpiper/crisp101_eucs.fna
E_marginata_Ferguson2024	dna	~/EucsPhylogenomics/files/hybpiper/crisp101_eucs.fna
E_megacarpa_1	dna	~/EucsPhylogenomics/files/hybpiper/crisp101_eucs.fna
E_megacarpa_2	dna	~/EucsPhylogenomics/files/hybpiper/crisp101_eucs.fna
E_megacornuta	dna	~/EucsPhylogenomics/files/hybpiper/crisp101_eucs.fna
E_melanophitra	dna	~/EucsPhylogenomics/files/hybpiper/crisp101_eucs.fna
E_melanophloia	dna	~/EucsPhylogenomics/files/hybpiper/crisp101_eucs.fna
E_melanophloia_melanophloia	dna	~/EucsPhylogenomics/files/hybpiper/crisp101_eucs.fna
E_melanophloia_nana	dna	~/EucsPhylogenomics/files/hybpiper/crisp101_eucs.fna
E_melanoxylon	dna	~/EucsPhylogenomics/files/hybpiper/crisp101_eucs.fna
E_melliodora_Ferguson2024	dna	~/EucsPhylogenomics/files/hybpiper/crisp101_eucs.fna
E_merrickiae	dna	~/EucsPhylogenomics/files/hybpiper/crisp101_eucs.fna
E_microcarpa	dna	~/EucsPhylogenomics/files/hybpiper/crisp101_eucs.fna
E_microcorys_Ferguson2024	dna	~/EucsPhylogenomics/files/hybpiper/crisp101_eucs.fna
E_microtheca	dna	~/EucsPhylogenomics/files/hybpiper/crisp101_eucs.fna
E_mimica_continens	dna	~/EucsPhylogenomics/files/hybpiper/crisp101_eucs.fna
E_mimica_mimica	dna	~/EucsPhylogenomics/files/hybpiper/crisp101_eucs.fna
E_minniritchi	dna	~/EucsPhylogenomics/files/hybpiper/crisp101_eucs.fna
E_misella	dna	~/EucsPhylogenomics/files/hybpiper/crisp101_eucs.fna
E_moderata_1	dna	~/EucsPhylogenomics/files/hybpiper/crisp101_eucs.fna
E_moderata_2	dna	~/EucsPhylogenomics/files/hybpiper/crisp101_eucs.fna
E_molyneuxii	dna	~/EucsPhylogenomics/files/hybpiper/crisp101_eucs.fna
E_moorei_serpentinicola	dna	~/EucsPhylogenomics/files/hybpiper/crisp101_eucs.fna
E_morrisbyi_1	dna	~/EucsPhylogenomics/files/hybpiper/crisp101_eucs.fna
E_morrisbyi_2	dna	~/EucsPhylogenomics/files/hybpiper/crisp101_eucs.fna
E_myriadena_1	dna	~/EucsPhylogenomics/files/hybpiper/crisp101_eucs.fna
E_myriadena_2	dna	~/EucsPhylogenomics/files/hybpiper/crisp101_eucs.fna
E_myriadena_3	dna	~/EucsPhylogenomics/files/hybpiper/crisp101_eucs.fna
E_myriadena_4	dna	~/EucsPhylogenomics/files/hybpiper/crisp101_eucs.fna
E_myriadena_5	dna	~/EucsPhylogenomics/files/hybpiper/crisp101_eucs.fna
E_myriadena_6	dna	~/EucsPhylogenomics/files/hybpiper/crisp101_eucs.fna
E_nebulosa_1	dna	~/EucsPhylogenomics/files/hybpiper/crisp101_eucs.fna
E_nebulosa_2	dna	~/EucsPhylogenomics/files/hybpiper/crisp101_eucs.fna
E_neutra_1	dna	~/EucsPhylogenomics/files/hybpiper/crisp101_eucs.fna
E_neutra_2	dna	~/EucsPhylogenomics/files/hybpiper/crisp101_eucs.fna
E_neutra_3	dna	~/EucsPhylogenomics/files/hybpiper/crisp101_eucs.fna
E_neutra_4	dna	~/EucsPhylogenomics/files/hybpiper/crisp101_eucs.fna
E_neutra_5	dna	~/EucsPhylogenomics/files/hybpiper/crisp101_eucs.fna
E_neutra_6	dna	~/EucsPhylogenomics/files/hybpiper/crisp101_eucs.fna
E_normantonensis	dna	~/EucsPhylogenomics/files/hybpiper/crisp101_eucs.fna
E_notactites	dna	~/EucsPhylogenomics/files/hybpiper/crisp101_eucs.fna
E_obesa_1	dna	~/EucsPhylogenomics/files/hybpiper/crisp101_eucs.fna
E_obesa_2	dna	~/EucsPhylogenomics/files/hybpiper/crisp101_eucs.fna
E_obtusiflora_dongarraensis	dna	~/EucsPhylogenomics/files/hybpiper/crisp101_eucs.fna
E_occidentalis	dna	~/EucsPhylogenomics/files/hybpiper/crisp101_eucs.fna
E_ochrophloia	dna	~/EucsPhylogenomics/files/hybpiper/crisp101_eucs.fna
E_odorata	dna	~/EucsPhylogenomics/files/hybpiper/crisp101_eucs.fna
E_odorata_x_E_phenax	dna	~/EucsPhylogenomics/files/hybpiper/crisp101_eucs.fna
E_oleosa_ampliata_1	dna	~/EucsPhylogenomics/files/hybpiper/crisp101_eucs.fna
E_oleosa_ampliata_2	dna	~/EucsPhylogenomics/files/hybpiper/crisp101_eucs.fna
E_oleosa_ampliata_3	dna	~/EucsPhylogenomics/files/hybpiper/crisp101_eucs.fna
E_oleosa_cylindroidea	dna	~/EucsPhylogenomics/files/hybpiper/crisp101_eucs.fna
E_oligantha_1	dna	~/EucsPhylogenomics/files/hybpiper/crisp101_eucs.fna
E_oligantha_2	dna	~/EucsPhylogenomics/files/hybpiper/crisp101_eucs.fna
E_oligantha_3	dna	~/EucsPhylogenomics/files/hybpiper/crisp101_eucs.fna
E_oligantha_4	dna	~/EucsPhylogenomics/files/hybpiper/crisp101_eucs.fna
E_oligantha_5	dna	~/EucsPhylogenomics/files/hybpiper/crisp101_eucs.fna
E_olivina_1	dna	~/EucsPhylogenomics/files/hybpiper/crisp101_eucs.fna
E_olivina_2	dna	~/EucsPhylogenomics/files/hybpiper/crisp101_eucs.fna
E_opimiflora	dna	~/EucsPhylogenomics/files/hybpiper/crisp101_eucs.fna
E_optima	dna	~/EucsPhylogenomics/files/hybpiper/crisp101_eucs.fna
E_oraria_1	dna	~/EucsPhylogenomics/files/hybpiper/crisp101_eucs.fna
E_oraria_2	dna	~/EucsPhylogenomics/files/hybpiper/crisp101_eucs.fna
E_orbifolia	dna	~/EucsPhylogenomics/files/hybpiper/crisp101_eucs.fna
E_ornata	dna	~/EucsPhylogenomics/files/hybpiper/crisp101_eucs.fna
E_ovata_grandiflora	dna	~/EucsPhylogenomics/files/hybpiper/crisp101_eucs.fna
E_ovata_ovata_1	dna	~/EucsPhylogenomics/files/hybpiper/crisp101_eucs.fna
E_ovata_ovata_2	dna	~/EucsPhylogenomics/files/hybpiper/crisp101_eucs.fna
E_ovata_ovata_3	dna	~/EucsPhylogenomics/files/hybpiper/crisp101_eucs.fna
E_ovata_ovata_4	dna	~/EucsPhylogenomics/files/hybpiper/crisp101_eucs.fna
E_ovularis	dna	~/EucsPhylogenomics/files/hybpiper/crisp101_eucs.fna
E_oxymitra_1	dna	~/EucsPhylogenomics/files/hybpiper/crisp101_eucs.fna
E_oxymitra_2	dna	~/EucsPhylogenomics/files/hybpiper/crisp101_eucs.fna
E_pachycalyx_pachycalyx	dna	~/EucsPhylogenomics/files/hybpiper/crisp101_eucs.fna
E_pallida	dna	~/EucsPhylogenomics/files/hybpiper/crisp101_eucs.fna
E_panda	dna	~/EucsPhylogenomics/files/hybpiper/crisp101_eucs.fna
E_paniculata_Ferguson2024	dna	~/EucsPhylogenomics/files/hybpiper/crisp101_eucs.fna
E_patellaris	dna	~/EucsPhylogenomics/files/hybpiper/crisp101_eucs.fna
E_patens	dna	~/EucsPhylogenomics/files/hybpiper/crisp101_eucs.fna
E_pauciflora_parvifructa_1	dna	~/EucsPhylogenomics/files/hybpiper/crisp101_eucs.fna
E_pauciflora_parvifructa_2	dna	~/EucsPhylogenomics/files/hybpiper/crisp101_eucs.fna
E_peninsularis_1	dna	~/EucsPhylogenomics/files/hybpiper/crisp101_eucs.fna
E_peninsularis_2	dna	~/EucsPhylogenomics/files/hybpiper/crisp101_eucs.fna
E_peninsularis_3	dna	~/EucsPhylogenomics/files/hybpiper/crisp101_eucs.fna
E_perangusta	dna	~/EucsPhylogenomics/files/hybpiper/crisp101_eucs.fna
E_percostata_1	dna	~/EucsPhylogenomics/files/hybpiper/crisp101_eucs.fna
E_percostata_2	dna	~/EucsPhylogenomics/files/hybpiper/crisp101_eucs.fna
E_perriniana_1	dna	~/EucsPhylogenomics/files/hybpiper/crisp101_eucs.fna
E_perriniana_2	dna	~/EucsPhylogenomics/files/hybpiper/crisp101_eucs.fna
E_petiolaris_1	dna	~/EucsPhylogenomics/files/hybpiper/crisp101_eucs.fna
E_petiolaris_2	dna	~/EucsPhylogenomics/files/hybpiper/crisp101_eucs.fna
E_petraea_1	dna	~/EucsPhylogenomics/files/hybpiper/crisp101_eucs.fna
E_petraea_2	dna	~/EucsPhylogenomics/files/hybpiper/crisp101_eucs.fna
E_petraea_3	dna	~/EucsPhylogenomics/files/hybpiper/crisp101_eucs.fna
E_petrensis	dna	~/EucsPhylogenomics/files/hybpiper/crisp101_eucs.fna
E_phaenophylla_2	dna	~/EucsPhylogenomics/files/hybpiper/crisp101_eucs.fna
E_phaenophylla_3	dna	~/EucsPhylogenomics/files/hybpiper/crisp101_eucs.fna
E_phaenophylla_4	dna	~/EucsPhylogenomics/files/hybpiper/crisp101_eucs.fna
E_phenax_compressa	dna	~/EucsPhylogenomics/files/hybpiper/crisp101_eucs.fna
E_phenax_phenax	dna	~/EucsPhylogenomics/files/hybpiper/crisp101_eucs.fna
E_pileata_1	dna	~/EucsPhylogenomics/files/hybpiper/crisp101_eucs.fna
E_pileata_2	dna	~/EucsPhylogenomics/files/hybpiper/crisp101_eucs.fna
E_pileata_3	dna	~/EucsPhylogenomics/files/hybpiper/crisp101_eucs.fna
E_pileata_4	dna	~/EucsPhylogenomics/files/hybpiper/crisp101_eucs.fna
E_pimpiniana	dna	~/EucsPhylogenomics/files/hybpiper/crisp101_eucs.fna
E_planipes_1	dna	~/EucsPhylogenomics/files/hybpiper/crisp101_eucs.fna
E_planipes_2	dna	~/EucsPhylogenomics/files/hybpiper/crisp101_eucs.fna
E_planipes_3	dna	~/EucsPhylogenomics/files/hybpiper/crisp101_eucs.fna
E_planipes_4	dna	~/EucsPhylogenomics/files/hybpiper/crisp101_eucs.fna
E_planipes_5	dna	~/EucsPhylogenomics/files/hybpiper/crisp101_eucs.fna
E_platydisca	dna	~/EucsPhylogenomics/files/hybpiper/crisp101_eucs.fna
E_platyphylla	dna	~/EucsPhylogenomics/files/hybpiper/crisp101_eucs.fna
E_platypus_platypus_1	dna	~/EucsPhylogenomics/files/hybpiper/crisp101_eucs.fna
E_platypus_platypus_2	dna	~/EucsPhylogenomics/files/hybpiper/crisp101_eucs.fna
E_pluricaulis_pluricaulis	dna	~/EucsPhylogenomics/files/hybpiper/crisp101_eucs.fna
E_pluricaulis_porphyrea	dna	~/EucsPhylogenomics/files/hybpiper/crisp101_eucs.fna
E_polyanthemos_Ferguson2024	dna	~/EucsPhylogenomics/files/hybpiper/crisp101_eucs.fna
E_polybractea_1	dna	~/EucsPhylogenomics/files/hybpiper/crisp101_eucs.fna
E_polybractea_2	dna	~/EucsPhylogenomics/files/hybpiper/crisp101_eucs.fna
E_populnea_bimbil	dna	~/EucsPhylogenomics/files/hybpiper/crisp101_eucs.fna
E_porosa	dna	~/EucsPhylogenomics/files/hybpiper/crisp101_eucs.fna
E_praetermissa	dna	~/EucsPhylogenomics/files/hybpiper/crisp101_eucs.fna
E_preissiana_lobata_1	dna	~/EucsPhylogenomics/files/hybpiper/crisp101_eucs.fna
E_preissiana_lobata_2	dna	~/EucsPhylogenomics/files/hybpiper/crisp101_eucs.fna
E_preissiana_lobata_3	dna	~/EucsPhylogenomics/files/hybpiper/crisp101_eucs.fna
E_prominens	dna	~/EucsPhylogenomics/files/hybpiper/crisp101_eucs.fna
E_propinqua	dna	~/EucsPhylogenomics/files/hybpiper/crisp101_eucs.fna
E_protensa	dna	~/EucsPhylogenomics/files/hybpiper/crisp101_eucs.fna
E_pruinosa_pruinosa	dna	~/EucsPhylogenomics/files/hybpiper/crisp101_eucs.fna
E_pterocarpa	dna	~/EucsPhylogenomics/files/hybpiper/crisp101_eucs.fna
E_pulverulenta	dna	~/EucsPhylogenomics/files/hybpiper/crisp101_eucs.fna
E_pumila_Ferguson2024	dna	~/EucsPhylogenomics/files/hybpiper/crisp101_eucs.fna
E_punctata_1	dna	~/EucsPhylogenomics/files/hybpiper/crisp101_eucs.fna
E_pyriformis	dna	~/EucsPhylogenomics/files/hybpiper/crisp101_eucs.fna
E_pyrocarpa	dna	~/EucsPhylogenomics/files/hybpiper/crisp101_eucs.fna
E_quadrans	dna	~/EucsPhylogenomics/files/hybpiper/crisp101_eucs.fna
E_quaerenda_1	dna	~/EucsPhylogenomics/files/hybpiper/crisp101_eucs.fna
E_quaerenda_2	dna	~/EucsPhylogenomics/files/hybpiper/crisp101_eucs.fna
E_rameliana	dna	~/EucsPhylogenomics/files/hybpiper/crisp101_eucs.fna
E_raveretiana	dna	~/EucsPhylogenomics/files/hybpiper/crisp101_eucs.fna
E_ravida	dna	~/EucsPhylogenomics/files/hybpiper/crisp101_eucs.fna
E_recta_1	dna	~/EucsPhylogenomics/files/hybpiper/crisp101_eucs.fna
E_recta_2	dna	~/EucsPhylogenomics/files/hybpiper/crisp101_eucs.fna
E_reducta	dna	~/EucsPhylogenomics/files/hybpiper/crisp101_eucs.fna
E_redunca	dna	~/EucsPhylogenomics/files/hybpiper/crisp101_eucs.fna
E_regnans_Ferguson2024	dna	~/EucsPhylogenomics/files/hybpiper/crisp101_eucs.fna
E_relicta	dna	~/EucsPhylogenomics/files/hybpiper/crisp101_eucs.fna
E_remota	dna	~/EucsPhylogenomics/files/hybpiper/crisp101_eucs.fna
E_repullulans	dna	~/EucsPhylogenomics/files/hybpiper/crisp101_eucs.fna
E_revelata_ms	dna	~/EucsPhylogenomics/files/hybpiper/crisp101_eucs.fna
E_rigens	dna	~/EucsPhylogenomics/files/hybpiper/crisp101_eucs.fna
E_rigidula_1	dna	~/EucsPhylogenomics/files/hybpiper/crisp101_eucs.fna
E_rigidula_10	dna	~/EucsPhylogenomics/files/hybpiper/crisp101_eucs.fna
E_rigidula_11	dna	~/EucsPhylogenomics/files/hybpiper/crisp101_eucs.fna
E_rigidula_12	dna	~/EucsPhylogenomics/files/hybpiper/crisp101_eucs.fna
E_rigidula_13	dna	~/EucsPhylogenomics/files/hybpiper/crisp101_eucs.fna
E_rigidula_2	dna	~/EucsPhylogenomics/files/hybpiper/crisp101_eucs.fna
E_rigidula_4	dna	~/EucsPhylogenomics/files/hybpiper/crisp101_eucs.fna
E_rigidula_5	dna	~/EucsPhylogenomics/files/hybpiper/crisp101_eucs.fna
E_rigidula_6	dna	~/EucsPhylogenomics/files/hybpiper/crisp101_eucs.fna
E_rigidula_7	dna	~/EucsPhylogenomics/files/hybpiper/crisp101_eucs.fna
E_rigidula_8	dna	~/EucsPhylogenomics/files/hybpiper/crisp101_eucs.fna
E_rigidula_9	dna	~/EucsPhylogenomics/files/hybpiper/crisp101_eucs.fna
E_robusta_x_E_tereticornis	dna	~/EucsPhylogenomics/files/hybpiper/crisp101_eucs.fna
E_rosacea_1	dna	~/EucsPhylogenomics/files/hybpiper/crisp101_eucs.fna
E_rosacea_2	dna	~/EucsPhylogenomics/files/hybpiper/crisp101_eucs.fna
E_rubida_canobolensis	dna	~/EucsPhylogenomics/files/hybpiper/crisp101_eucs.fna
E_rubiginosa	dna	~/EucsPhylogenomics/files/hybpiper/crisp101_eucs.fna
E_rudis_cratyantha_1	dna	~/EucsPhylogenomics/files/hybpiper/crisp101_eucs.fna
E_rudis_cratyantha_2	dna	~/EucsPhylogenomics/files/hybpiper/crisp101_eucs.fna
E_rudis_cratyantha_3	dna	~/EucsPhylogenomics/files/hybpiper/crisp101_eucs.fna
E_rugosa	dna	~/EucsPhylogenomics/files/hybpiper/crisp101_eucs.fna
E_rummeryi	dna	~/EucsPhylogenomics/files/hybpiper/crisp101_eucs.fna
E_rupestris_1	dna	~/EucsPhylogenomics/files/hybpiper/crisp101_eucs.fna
E_rupestris_2	dna	~/EucsPhylogenomics/files/hybpiper/crisp101_eucs.fna
E_sabulosa_x_E_ovata_ovata	dna	~/EucsPhylogenomics/files/hybpiper/crisp101_eucs.fna
E_salmonophloia	dna	~/EucsPhylogenomics/files/hybpiper/crisp101_eucs.fna
E_salubris	dna	~/EucsPhylogenomics/files/hybpiper/crisp101_eucs.fna
E_sargentii_sargentii_1	dna	~/EucsPhylogenomics/files/hybpiper/crisp101_eucs.fna
E_sargentii_sargentii_2	dna	~/EucsPhylogenomics/files/hybpiper/crisp101_eucs.fna
E_sargentii_sargentii_3	dna	~/EucsPhylogenomics/files/hybpiper/crisp101_eucs.fna
E_scoparia	dna	~/EucsPhylogenomics/files/hybpiper/crisp101_eucs.fna
E_scyphocalyx_1	dna	~/EucsPhylogenomics/files/hybpiper/crisp101_eucs.fna
E_scyphocalyx_2	dna	~/EucsPhylogenomics/files/hybpiper/crisp101_eucs.fna
E_sepulcralis	dna	~/EucsPhylogenomics/files/hybpiper/crisp101_eucs.fna
E_sessilis	dna	~/EucsPhylogenomics/files/hybpiper/crisp101_eucs.fna
E_sheathiana_1	dna	~/EucsPhylogenomics/files/hybpiper/crisp101_eucs.fna
E_sheathiana_2	dna	~/EucsPhylogenomics/files/hybpiper/crisp101_eucs.fna
E_sheathiana_3	dna	~/EucsPhylogenomics/files/hybpiper/crisp101_eucs.fna
E_sheathiana_4	dna	~/EucsPhylogenomics/files/hybpiper/crisp101_eucs.fna
E_shirleyi	dna	~/EucsPhylogenomics/files/hybpiper/crisp101_eucs.fna
E_shirleyi_Ferguson2024	dna	~/EucsPhylogenomics/files/hybpiper/crisp101_eucs.fna
E_sicilifolia	dna	~/EucsPhylogenomics/files/hybpiper/crisp101_eucs.fna
E_sid_E_mel_Ferguson2024	dna	~/EucsPhylogenomics/files/hybpiper/crisp101_eucs.fna
E_sideroxylon	dna	~/EucsPhylogenomics/files/hybpiper/crisp101_eucs.fna
E_sideroxylon_Ferguson2024	dna	~/EucsPhylogenomics/files/hybpiper/crisp101_eucs.fna
E_sieberi	dna	~/EucsPhylogenomics/files/hybpiper/crisp101_eucs.fna
E_socialis_socialis_1	dna	~/EucsPhylogenomics/files/hybpiper/crisp101_eucs.fna
E_socialis_socialis_2	dna	~/EucsPhylogenomics/files/hybpiper/crisp101_eucs.fna
E_socialis_socialis_3	dna	~/EucsPhylogenomics/files/hybpiper/crisp101_eucs.fna
E_socialis_victoriensis_1	dna	~/EucsPhylogenomics/files/hybpiper/crisp101_eucs.fna
E_socialis_victoriensis_2	dna	~/EucsPhylogenomics/files/hybpiper/crisp101_eucs.fna
E_socialis_viridans	dna	~/EucsPhylogenomics/files/hybpiper/crisp101_eucs.fna
E_sp	dna	~/EucsPhylogenomics/files/hybpiper/crisp101_eucs.fna
E_sp_Adelaide	dna	~/EucsPhylogenomics/files/hybpiper/crisp101_eucs.fna
E_sp_Cable_Haul_Road_1	dna	~/EucsPhylogenomics/files/hybpiper/crisp101_eucs.fna
E_sp_Cable_Haul_Road_2	dna	~/EucsPhylogenomics/files/hybpiper/crisp101_eucs.fna
E_sp_Dartmoor_1	dna	~/EucsPhylogenomics/files/hybpiper/crisp101_eucs.fna
E_sp_Dartmoor_2	dna	~/EucsPhylogenomics/files/hybpiper/crisp101_eucs.fna
E_sp_Dunbar_Road_1	dna	~/EucsPhylogenomics/files/hybpiper/crisp101_eucs.fna
E_sp_Dunbar_Road_2	dna	~/EucsPhylogenomics/files/hybpiper/crisp101_eucs.fna
E_sp_Great_Victoria_Desert_1	dna	~/EucsPhylogenomics/files/hybpiper/crisp101_eucs.fna
E_sp_Great_Victoria_Desert_2	dna	~/EucsPhylogenomics/files/hybpiper/crisp101_eucs.fna
E_sp_Great_Victoria_Desert_3	dna	~/EucsPhylogenomics/files/hybpiper/crisp101_eucs.fna
E_sp_Great_Victoria_Desert_4	dna	~/EucsPhylogenomics/files/hybpiper/crisp101_eucs.fna
E_sp_Kalbarri_1	dna	~/EucsPhylogenomics/files/hybpiper/crisp101_eucs.fna
E_sp_Kalbarri_2	dna	~/EucsPhylogenomics/files/hybpiper/crisp101_eucs.fna
E_sp_Kitchener_1	dna	~/EucsPhylogenomics/files/hybpiper/crisp101_eucs.fna
E_sp_Kitchener_2	dna	~/EucsPhylogenomics/files/hybpiper/crisp101_eucs.fna
E_sp_Lake_Magenta_1	dna	~/EucsPhylogenomics/files/hybpiper/crisp101_eucs.fna
E_sp_Lake_Magenta_2	dna	~/EucsPhylogenomics/files/hybpiper/crisp101_eucs.fna
E_sp_Mulga_Rock_1	dna	~/EucsPhylogenomics/files/hybpiper/crisp101_eucs.fna
E_sp_Mulga_Rock_2	dna	~/EucsPhylogenomics/files/hybpiper/crisp101_eucs.fna
E_sp_Mulga_Rock_3	dna	~/EucsPhylogenomics/files/hybpiper/crisp101_eucs.fna
E_sp_Mulga_Rock_4	dna	~/EucsPhylogenomics/files/hybpiper/crisp101_eucs.fna
E_sp_Queen_Victoria_Spring_1	dna	~/EucsPhylogenomics/files/hybpiper/crisp101_eucs.fna
E_sp_Queen_Victoria_Spring_2	dna	~/EucsPhylogenomics/files/hybpiper/crisp101_eucs.fna
E_sp_South_Newdegate_Lakes	dna	~/EucsPhylogenomics/files/hybpiper/crisp101_eucs.fna
E_sp_Southern_wheatbelt_1	dna	~/EucsPhylogenomics/files/hybpiper/crisp101_eucs.fna
E_sp_Southern_wheatbelt_2	dna	~/EucsPhylogenomics/files/hybpiper/crisp101_eucs.fna
E_sp_Sullivan_Soak_1	dna	~/EucsPhylogenomics/files/hybpiper/crisp101_eucs.fna
E_sp_Sullivan_Soak_2	dna	~/EucsPhylogenomics/files/hybpiper/crisp101_eucs.fna
E_sp_Sullivan_Soak_3	dna	~/EucsPhylogenomics/files/hybpiper/crisp101_eucs.fna
E_sp_Sullivan_Soak_4	dna	~/EucsPhylogenomics/files/hybpiper/crisp101_eucs.fna
E_spathulata_spathulata	dna	~/EucsPhylogenomics/files/hybpiper/crisp101_eucs.fna
E_spectatrix	dna	~/EucsPhylogenomics/files/hybpiper/crisp101_eucs.fna
E_sporadica_1	dna	~/EucsPhylogenomics/files/hybpiper/crisp101_eucs.fna
E_sporadica_2	dna	~/EucsPhylogenomics/files/hybpiper/crisp101_eucs.fna
E_sporadica_3	dna	~/EucsPhylogenomics/files/hybpiper/crisp101_eucs.fna
E_sporadica_4	dna	~/EucsPhylogenomics/files/hybpiper/crisp101_eucs.fna
E_sporadica_5	dna	~/EucsPhylogenomics/files/hybpiper/crisp101_eucs.fna
E_spreta	dna	~/EucsPhylogenomics/files/hybpiper/crisp101_eucs.fna
E_staeri	dna	~/EucsPhylogenomics/files/hybpiper/crisp101_eucs.fna
E_steedmanii	dna	~/EucsPhylogenomics/files/hybpiper/crisp101_eucs.fna
E_stellulata_Little_Star	dna	~/EucsPhylogenomics/files/hybpiper/crisp101_eucs.fna
E_stoatei	dna	~/EucsPhylogenomics/files/hybpiper/crisp101_eucs.fna
E_stowardii_1	dna	~/EucsPhylogenomics/files/hybpiper/crisp101_eucs.fna
E_stowardii_2	dna	~/EucsPhylogenomics/files/hybpiper/crisp101_eucs.fna
E_striaticalyx_1	dna	~/EucsPhylogenomics/files/hybpiper/crisp101_eucs.fna
E_striaticalyx_2	dna	~/EucsPhylogenomics/files/hybpiper/crisp101_eucs.fna
E_stricklandii	dna	~/EucsPhylogenomics/files/hybpiper/crisp101_eucs.fna
E_stricta	dna	~/EucsPhylogenomics/files/hybpiper/crisp101_eucs.fna
E_subangusta_cerina	dna	~/EucsPhylogenomics/files/hybpiper/crisp101_eucs.fna
E_subangusta_pusilla	dna	~/EucsPhylogenomics/files/hybpiper/crisp101_eucs.fna
E_subangusta_subangusta	dna	~/EucsPhylogenomics/files/hybpiper/crisp101_eucs.fna
E_subtilis_1	dna	~/EucsPhylogenomics/files/hybpiper/crisp101_eucs.fna
E_subtilis_2	dna	~/EucsPhylogenomics/files/hybpiper/crisp101_eucs.fna
E_subtilis_3	dna	~/EucsPhylogenomics/files/hybpiper/crisp101_eucs.fna
E_suffulgens	dna	~/EucsPhylogenomics/files/hybpiper/crisp101_eucs.fna
E_suggrandis_promiscua	dna	~/EucsPhylogenomics/files/hybpiper/crisp101_eucs.fna
E_suggrandis_suggrandis_1	dna	~/EucsPhylogenomics/files/hybpiper/crisp101_eucs.fna
E_suggrandis_suggrandis_2	dna	~/EucsPhylogenomics/files/hybpiper/crisp101_eucs.fna
E_sweedmaniana	dna	~/EucsPhylogenomics/files/hybpiper/crisp101_eucs.fna
E_synandra_1	dna	~/EucsPhylogenomics/files/hybpiper/crisp101_eucs.fna
E_synandra_2	dna	~/EucsPhylogenomics/files/hybpiper/crisp101_eucs.fna
E_synandra_3	dna	~/EucsPhylogenomics/files/hybpiper/crisp101_eucs.fna
E_synandra_4	dna	~/EucsPhylogenomics/files/hybpiper/crisp101_eucs.fna
E_talyuberlup	dna	~/EucsPhylogenomics/files/hybpiper/crisp101_eucs.fna
E_tenera_1	dna	~/EucsPhylogenomics/files/hybpiper/crisp101_eucs.fna
E_tenera_2	dna	~/EucsPhylogenomics/files/hybpiper/crisp101_eucs.fna
E_tenuipes_Ferguson2024	dna	~/EucsPhylogenomics/files/hybpiper/crisp101_eucs.fna
E_tenuis	dna	~/EucsPhylogenomics/files/hybpiper/crisp101_eucs.fna
E_tephroclada	dna	~/EucsPhylogenomics/files/hybpiper/crisp101_eucs.fna
E_terebra	dna	~/EucsPhylogenomics/files/hybpiper/crisp101_eucs.fna
E_tereticornis_rotunda_1	dna	~/EucsPhylogenomics/files/hybpiper/crisp101_eucs.fna
E_tereticornis_rotunda_2	dna	~/EucsPhylogenomics/files/hybpiper/crisp101_eucs.fna
E_tereticornis_tereticornis_1	dna	~/EucsPhylogenomics/files/hybpiper/crisp101_eucs.fna
E_tereticornis_tereticornis_2	dna	~/EucsPhylogenomics/files/hybpiper/crisp101_eucs.fna
E_tereticornis_tereticornis_3	dna	~/EucsPhylogenomics/files/hybpiper/crisp101_eucs.fna
E_tholiformis_1	dna	~/EucsPhylogenomics/files/hybpiper/crisp101_eucs.fna
E_tholiformis_2	dna	~/EucsPhylogenomics/files/hybpiper/crisp101_eucs.fna
E_thozetiana	dna	~/EucsPhylogenomics/files/hybpiper/crisp101_eucs.fna
E_torquata	dna	~/EucsPhylogenomics/files/hybpiper/crisp101_eucs.fna
E_tortilis	dna	~/EucsPhylogenomics/files/hybpiper/crisp101_eucs.fna
E_transcontinentalis	dna	~/EucsPhylogenomics/files/hybpiper/crisp101_eucs.fna
E_tricarpa	dna	~/EucsPhylogenomics/files/hybpiper/crisp101_eucs.fna
E_trivalva_1	dna	~/EucsPhylogenomics/files/hybpiper/crisp101_eucs.fna
E_trivalva_2	dna	~/EucsPhylogenomics/files/hybpiper/crisp101_eucs.fna
E_tumida	dna	~/EucsPhylogenomics/files/hybpiper/crisp101_eucs.fna
E_uncinata_Esperance_Plains_1	dna	~/EucsPhylogenomics/files/hybpiper/crisp101_eucs.fna
E_uncinata_Esperance_Plains_2	dna	~/EucsPhylogenomics/files/hybpiper/crisp101_eucs.fna
E_uncinata_uncinata_1	dna	~/EucsPhylogenomics/files/hybpiper/crisp101_eucs.fna
E_uncinata_uncinata_2	dna	~/EucsPhylogenomics/files/hybpiper/crisp101_eucs.fna
E_urna_1	dna	~/EucsPhylogenomics/files/hybpiper/crisp101_eucs.fna
E_urna_2	dna	~/EucsPhylogenomics/files/hybpiper/crisp101_eucs.fna
E_utilis_1	dna	~/EucsPhylogenomics/files/hybpiper/crisp101_eucs.fna
E_utilis_2	dna	~/EucsPhylogenomics/files/hybpiper/crisp101_eucs.fna
E_utilis_3	dna	~/EucsPhylogenomics/files/hybpiper/crisp101_eucs.fna
E_varia_2	dna	~/EucsPhylogenomics/files/hybpiper/crisp101_eucs.fna
E_varia_3	dna	~/EucsPhylogenomics/files/hybpiper/crisp101_eucs.fna
E_vegrandis_recondita_1	dna	~/EucsPhylogenomics/files/hybpiper/crisp101_eucs.fna
E_vegrandis_recondita_2	dna	~/EucsPhylogenomics/files/hybpiper/crisp101_eucs.fna
E_vegrandis_vegrandis_1	dna	~/EucsPhylogenomics/files/hybpiper/crisp101_eucs.fna
E_vegrandis_vegrandis_2	dna	~/EucsPhylogenomics/files/hybpiper/crisp101_eucs.fna
E_verrucata	dna	~/EucsPhylogenomics/files/hybpiper/crisp101_eucs.fna
E_victrix_1	dna	~/EucsPhylogenomics/files/hybpiper/crisp101_eucs.fna
E_victrix_2	dna	~/EucsPhylogenomics/files/hybpiper/crisp101_eucs.fna
E_victrix_3	dna	~/EucsPhylogenomics/files/hybpiper/crisp101_eucs.fna
E_victrix_Ferguson2024	dna	~/EucsPhylogenomics/files/hybpiper/crisp101_eucs.fna
E_viminalis_Ferguson2024	dna	~/EucsPhylogenomics/files/hybpiper/crisp101_eucs.fna
E_viminalis_cygnetensis	dna	~/EucsPhylogenomics/files/hybpiper/crisp101_eucs.fna
E_viminalis_hentyensis_1	dna	~/EucsPhylogenomics/files/hybpiper/crisp101_eucs.fna
E_viminalis_hentyensis_2	dna	~/EucsPhylogenomics/files/hybpiper/crisp101_eucs.fna
E_virginea	dna	~/EucsPhylogenomics/files/hybpiper/crisp101_eucs.fna
E_virginea_Ferguson2024	dna	~/EucsPhylogenomics/files/hybpiper/crisp101_eucs.fna
E_vokesensis	dna	~/EucsPhylogenomics/files/hybpiper/crisp101_eucs.fna
E_wandoo_pulverea_1	dna	~/EucsPhylogenomics/files/hybpiper/crisp101_eucs.fna
E_wandoo_pulverea_2	dna	~/EucsPhylogenomics/files/hybpiper/crisp101_eucs.fna
E_wandoo_wandoo	dna	~/EucsPhylogenomics/files/hybpiper/crisp101_eucs.fna
E_websteriana_1	dna	~/EucsPhylogenomics/files/hybpiper/crisp101_eucs.fna
E_websteriana_2	dna	~/EucsPhylogenomics/files/hybpiper/crisp101_eucs.fna
E_websteriana_3	dna	~/EucsPhylogenomics/files/hybpiper/crisp101_eucs.fna
E_websteriana_4	dna	~/EucsPhylogenomics/files/hybpiper/crisp101_eucs.fna
E_websteriana_5	dna	~/EucsPhylogenomics/files/hybpiper/crisp101_eucs.fna
E_wimmerensis	dna	~/EucsPhylogenomics/files/hybpiper/crisp101_eucs.fna
E_woodwardii_1	dna	~/EucsPhylogenomics/files/hybpiper/crisp101_eucs.fna
E_woodwardii_2	dna	~/EucsPhylogenomics/files/hybpiper/crisp101_eucs.fna
E_wyolensis	dna	~/EucsPhylogenomics/files/hybpiper/crisp101_eucs.fna
E_x_alpina_1	dna	~/EucsPhylogenomics/files/hybpiper/crisp101_eucs.fna
E_x_alpina_2	dna	~/EucsPhylogenomics/files/hybpiper/crisp101_eucs.fna
E_x_balanopelex	dna	~/EucsPhylogenomics/files/hybpiper/crisp101_eucs.fna
E_x_brachyphylla_1	dna	~/EucsPhylogenomics/files/hybpiper/crisp101_eucs.fna
E_x_brachyphylla_2	dna	~/EucsPhylogenomics/files/hybpiper/crisp101_eucs.fna
E_x_bunyip_1	dna	~/EucsPhylogenomics/files/hybpiper/crisp101_eucs.fna
E_x_bunyip_2	dna	~/EucsPhylogenomics/files/hybpiper/crisp101_eucs.fna
E_x_carolaniae_1	dna	~/EucsPhylogenomics/files/hybpiper/crisp101_eucs.fna
E_x_carolaniae_2	dna	~/EucsPhylogenomics/files/hybpiper/crisp101_eucs.fna
E_x_hawkeri_1	dna	~/EucsPhylogenomics/files/hybpiper/crisp101_eucs.fna
E_x_hawkeri_2	dna	~/EucsPhylogenomics/files/hybpiper/crisp101_eucs.fna
E_x_impensa	dna	~/EucsPhylogenomics/files/hybpiper/crisp101_eucs.fna
E_x_pruiniramis	dna	~/EucsPhylogenomics/files/hybpiper/crisp101_eucs.fna
E_x_redimulicifera	dna	~/EucsPhylogenomics/files/hybpiper/crisp101_eucs.fna
E_x_walshii_1	dna	~/EucsPhylogenomics/files/hybpiper/crisp101_eucs.fna
E_x_walshii_2	dna	~/EucsPhylogenomics/files/hybpiper/crisp101_eucs.fna
E_xanthonema_apposita	dna	~/EucsPhylogenomics/files/hybpiper/crisp101_eucs.fna
E_xanthonema_xanthonema	dna	~/EucsPhylogenomics/files/hybpiper/crisp101_eucs.fna
E_xerothermica_1	dna	~/EucsPhylogenomics/files/hybpiper/crisp101_eucs.fna
E_xerothermica_2	dna	~/EucsPhylogenomics/files/hybpiper/crisp101_eucs.fna
E_xerothermica_3	dna	~/EucsPhylogenomics/files/hybpiper/crisp101_eucs.fna
E_yalatensis	dna	~/EucsPhylogenomics/files/hybpiper/crisp101_eucs.fna
E_yilgarnensis_1	dna	~/EucsPhylogenomics/files/hybpiper/crisp101_eucs.fna
E_yilgarnensis_2	dna	~/EucsPhylogenomics/files/hybpiper/crisp101_eucs.fna
E_yilgarnensis_3	dna	~/EucsPhylogenomics/files/hybpiper/crisp101_eucs.fna
E_youngiana_1	dna	~/EucsPhylogenomics/files/hybpiper/crisp101_eucs.fna
E_youngiana_2	dna	~/EucsPhylogenomics/files/hybpiper/crisp101_eucs.fna
E_yumbarrana	dna	~/EucsPhylogenomics/files/hybpiper/crisp101_eucs.fna
E_zopherophloia	dna	~/EucsPhylogenomics/files/hybpiper/crisp101_eucs.fna
MM17	dna	~/EucsPhylogenomics/files/hybpiper/crisp101_eucs.fna
